{"max": [0.77, 0.5014, 0.0], "centroid": [0.37699580954054024, 0.32128378378378325, -0.2801749295135136], "id": "a56200b624a644f7df6cfab91d65bb91", "numVertices": 296, "min": [0.0, 0.0, -0.55]}
